text,label
thank you i have others posted throughout this thread but here s a few more from the going to the road,0
retweet piers morgan to charlie sheen you were taking cocaine charlie sheen i wasnt taking it i had to pay for it via,0
where are you to go,0
i would not even use anything that man says winston churchill is the reason whatever are in this mess in the first place the bastard should have been shot,0
retweet fuck your gpa bitch i am a lot smarter than you,0
retweet i immediately become the biggest bitch when i am sick like i just need to be taken care of laughing my ass off,0
that s like the class where you get credit for learning how to sleep,0
those men were obviously so brave and fierce that they instill fear in their commie enemies even when they are dead,0
i do and t think whatever want to throw them under a bus but they certainly are stealing our livelihoods and forcing up our parents and house prices,1
unfortunately the jew controlled government will never allow this labeling every attempt for this racist even though there are hundreds of afro american exclusive schools around this country,0
i ve always considered teaching as one of the professions i would like to get into but not in a neighborhood like that never kids like that disgust me,1
it s a pretty powerful documentary that blew me away,0
what educational goals or philosophies influence what curricula you pick,0
retweet young nation riot still bump that hoe,0
retweet you need to at least not be a bitch to date me,0
she is on some real shit and stay on some chill shit besides all my nicolas the only one i can chill wit,0
stafford you pussy,0
also people break into a home and shoot and kill a year old and none of the major news outlets pick up the story,0
i passed through there on a flight and walked through the city oh god i thought the plane accidentally landed in singapore,0
good luck,0
gun law information experts,0
she is a dumb bitch should have just said no extra shit unnecessary laughing out loud relationship goals,0
nor have i i live in because at the moment and had lived in alberta for most of my life,0
when the ghost picks you up after you dive in the pussy,0
man this just got me again the louisville nigger museum that is so fucking funny god damn,1
i think having free healthcare and free education should be a given if you reply a citizen of the country you reply in and you reply not an undesirable,0
she said she what a slut years old,0
retweet when i see you walk up i think hoe,0
the hoes are not classy no more like trashy,0
it is for through grade,0
youtube big mtn snow makes great dog flips youtube new year s eve fireworks and torchlight parade on big mountain youtube,0
too bad you reply not in because where i am,0
ya and they kind of missed the fact that he is going to inner city schools teaching the monkeys how to better kick your white butt,1
welp me baby i cooked bae what is for dinner me that bitch you been texting,0
i registered to make comment but there appear to have a critical error oh dear,1
we are a good match because whatever both retarded n weed,0
i had actually written the post for last summer but had to cancel my trip so it is okay every body cool l shane,0
this would make me crazy if i saw it in person,0
that is unedic,1
billy that guy would and t leave me alone so i gave him the trudeau salute,0
they get some of the same white guilt trip from the private schools,0
i d say move out west were ever either b see or alberta all white people in canada need to move out west so whatever can take the west back,0
adjustable rear sight orange target insert in the front sight modified cylinder,0
i came here to find out why such a small population living on a small area of the planet constantly ravaged by war and instability managed to become the epitome of progress and civilization and eventually rule the world,0
in canada i am sure it means american injun inuit,0
president trump to hold make america great again rally in missouri this week donald trump donaldtrumprallies featured springfield,1
hol up it means times is more famous than those weird k pop ching chong nights so like you cannot even argue bro even if he is de,1
point out bible verses that support our position,0
oswald dyke,1
dunnes strikers to attend funeral belfasttelegraph co uk let us hope these reds are and t mistaken for the usual white targets of these jungle savages,1
why must whatever have a favorite,0
truly sad that whatever ve decreased education standards to make minority students more successful,0
do not let it get you down brother your not on your own just bite your tongue and think of all those beautiful aryan women who think the where are you whatever do they are worth fighting for everything enoch powell said came true hang in their brother,0
my thoughts and prayers are with the families random mass shootings which plague our nation are not normal and whatever as a country cannot allow them to be normalized carla said the truth is these mass shootings are becoming too normal gun control would certainly help,0
no i have not none of them are in my area the nearest in over an hour away and the picture if them what a slut posted almost three years ago,0
oh and i what a slut going to use this idea next time i met a girl,0
western civilization month is a mouth full and many of them are too stupid to get it or just not paying attention,0
also betty page s hair cut have helped in any oddness,0
likenoother gamestopcontest laura croft is great because she is a badass,0
since you are in the medical field i am sure you are very knowledgeable,0
but there are places that go as deep as feet,0
no i legitimate might be retarded,1
invictus press home page,0
thank you she definitely is something else,0
shut up bitch you beat off to your sister,0
the girl is indeed amazing,0
so is the term bigger if someone chooses to listen to hip hop and act a certain where are you it is because of his interests not race,0
police threaten woman for requesting white housemates,0
this nigga on the train treating his bitch over the phone laughing my ass off,0
ouuuuuuu do i hate,0
but i found my where are you,0
stevie j my nigga hundred points hundred points bitch be on ten,0
is that sign like pas sop danger,0
as i have said they do not think their acts as humans do,0
lol except hes the most successful president in our lifetimes hes undone most of the damage bummer did and set america on the right path again maga,0
smoke mesh niggah what you mean,0
having worked around blacks at my previous job every stereotype you hear are all true,1
they will continue to be a source of cheap labor if they do and t find a sense of pride and use their labor to strengthen their own nations,0
the big black females pushed their where are you into the houston city counsel meeting and said all the white teachers they used to have all quit do you wonder why and all you sent us to replace all them teachers what a slut a bunch of dumb blacks,1
whatever want real teachers white teachers just like you have in the white schools,0
brennan sure as hell is,0
it what a slut probably written by a year old,0
right on i want a little rottweiler when i he tone his her name will be schatz aww because it will be my sweetie val i love that smiley,0
he far excelled anatomy karol and garry kasparov,0
one has a pretty nice mid level quality knife set i got from an old employer in if i recall correctly and the other is loaded with a full set of the old hickory knives,0
how many white lives would it have saved so far if whatever had no non whites here just in the united states of america and canada,0
weall bleed red as do dogs apes snakes and rats red blood means nothing but let us compare brain size and accomplishments by race,0
my daughter said she had only touched the ape ling s back not hit her,1
it s not just third reich era it d been the names of the towns in many cases from the time they were founded and anyway before,0
i see all of your goals being accomplished especially finding a girl to settle down with,0
such a shame how whatever ve allowed blacks and browns to destroy every last square inch of our cities,1
retweet you a on the ph scale maybe because you basic hoe,0
there is an entire faction dedicated to the idea that school shootings are all faked to try to get gun control laws passed,1
son of a bitch i cannot wait till baseball is back americaspasttime,0
as i said when the races are mixed its more difficult but they can between a white black or asian and that proves that races exist,0
i live in up state new york,0
retweet that is fucked up when a bitch you forward down talk you then with hoes they claim they do not forward open hands funny double exclamation mark double exclamation mark,0
she is the bomb,1
young white people are doing it more than ever it s just that those bloody clinics are getting better at what they do,0
the diversity of dinner breaking bread barriers youtube a lot of good comments on this video though if you have a youtube account feel free to leave a comment on there,0
www scsi edu stop that mary s college of maryland stop that mary s md,0
youtube brussels on for a free europe against islamization,1
she has more courage than the whole german nation put together,0
she is being realistic though,0
let us know when you ve joined and whatever can give you another well deserved cheer,0
shakespeare s globe a reconstruction highchair castle gloucester cathedral winchester cathedral stop that paul s cathedral,0
its like saying the brown shirt safe better than nazis because they pretended to be socialists,0
you re all white nation is a fraud,0
someone should explain to blake griffin that talking trash to an opposing string is unbecoming even amongst clippers,0
i am pretty sure you are a person who deliberately stirs up trouble,0
people who utter such garbage such get a brain transplant,0
she could then go on welfare and take out student loans to go to college,0
huh the pot grows as council grows in this case it is a reduction and that amount is going right back to the city for police gun control already announced,1
and there s no need for a video game just pack concealed carry and walk around any major us city after dark,0
i notice it does and t say if the kids were jews or not,0
shitting yourself more like,1
every white person from michigan knows that our detroit negros are the worst in america,1
met some cute florida girls up at logan pass today,0
a few weeks ago i started looking into doing that and have got a few pictures and loads of mobile numbers so far reds are just so naive,1
what do you all have to say about this article,0
no you would not sister i know damn well you would probably call it cute people propose in concerts all the time yet when it s a gay couple its wrong you are at a fucking concert you do not have to pay attention,0
whatever got money around here too compton crops pt youtube these afro americans are in the middle of the street seems like something of a zoo playing with their cheap low riders,1
i am sure he is doing that in his organization also respect is a two where are you street law enforcement job is to protect and serve its citizens it is like they miss that part,0
freudian slip,1
this nigguh really tried to fight me on the bus over a grape cool aid hammer face with tears of joy face with tears of joy face with tears of joy,0
you are the one that left on his own i am not your daddy to tell you to stay even if i do you will not anyway there is just now in hell where are you that cerberus would ever be soft to dante and respect him right two can play at this game,1
the video clip at the start looked very good and made a nice change from that band of brothers type crap got a lot of respect for the estonian warren screenshot guys,0
it has everything to do with race,0
the wife s new bitch her name is ursula,0
all i have to do is get a picture of my old boss and compare,0
that or it might be that blacks have smaller brains and an iq points lower than that of white people on average,1
you got a twin bed year old bitch ass better not invite her over to year old crib you re better off sleeping on a futon my boy,0
trust none bitch i do not,0
strict education at home,0
i what a slut watching the news and saw that women reporter with the headscarf,0
there are some white pride chats on you always have other options go to governments and politics then click user rooms there are usually white pride chats there,0
i have no doubt los angeles is a cess pool,1
contact me whatever ll have a holiday cheers,0
there s no need for me to say anything all is said in the image of that old white guy in the end of one of the first videos,0
at the end of the day news such as this is what truly counts not the ignorant and twisted opinions of street punks,0
i detest chap stick,0
antifa has no place in society,0
i plan on posting the above quote after every post until this hilarious joke thread is done with,0
it what a slut carried to ireland by english invaders who came to where they were and t wanted to steal irish land and irish lives,0
attention chicago people art jones needs your help in his campaign,0
i always thought genocide what a slut carried out with a bullet to the head when the victims were found ya know like every genocide since the advent of the bullet,0
i hope they beat his ass in private,0
learn to use a comma twat,1
so within the next day or so my username will be michigan ghost i just did and t want to have anything associated with bradley or the uk,0
retweet nun fucking bitches getting money,0
where are you more accurate than most theories most history ancient egypt etc is all made up bullshit its all been fabricated for us i dont claim to know why but if you start looking into history etc theres no fucking proof of anything enjoy the show our consciousness is definitely changing dot,0
retweet currently taking over your bitches brain with my creativity and weirdness,0
only leicester i like is the cheese fucking yobbo cunts,1
zog is getting rid of every white dominated area in the world,1
could trudeau s buddies have set the fires for him at his request,0
this bitch tweeted brb going to take a shower later back get year old nasty ass back in that shower,0
rosanna davison i think is her name,0
there is a girl in your avi you must get so many bitches,0
here is her wiki,0
i think only on the island of ruben their local gods were actually major gods pore wit rubaiyat pore nut darwin etc and there what a slut also resin here in slovenia,0
this pussy dryer than yours retweet drier vs dryer frown sad andy or pouting,0
get the strongest pepper spray you can find,0
all this is my first post and i ve read this whole thread so i guess i have a few comments s let s start shall whatever,0
dare to speak out in a country with supposed free speech and you reply labelled a bigot,0
antifa ally yvette search takes a hit to the head berkeley via,0
just listening to juan williams on the five drives me crazy he is such an ignorant man where does this man get his facts thank god for jesse waters and you ladies,1
are you my white princess,0
you know wheat and corn grow pretty fast,0
but kg of an already shit allowance because eu workers are lame as fuck is a proper piss take,0
this is great,0
retweet straight guys take a picture of themselves naked in a hot tun what fags,1
i what a slut aware of events but not in such detail,0
some of these sex gives are fucking retarded,0
i saved the site now,0
retweet got receipt ink on your soles no problem,0
get shit popping,0
i liked the majority of this video in the beginning but what a slut with the white guilt tripping part around an hour in of the video,0
click on the download my bad link,0
ghosts goblins etc,0
retweet i wish i had pretty colored eyes,0
white girls and no other even asian guys are attracted to white girls all whatever can do is pray for these people,0
clinton iowa app police say the boyfriend of a clinton woman killed in her apartment has been arrested,0
dude what the fuck is wrong with you i sent you a direct tweet to show you how you re tweet your own shit then i let it go now you want to double down just go back to whoville,0
i saw it on opp now i know what your name stands for congratulations you have a nice looking boyfriend i read opp once in a while to see if they took my picture off of here yet and put it on there,0
uh oh retweet control year old bitch if you do not want her in no shit it is that simple,0
the fuck bitch does mine,0
the london forum is a great youtube channel,0
and youll spend your final days in hell sinking,0
well hey as a skinhead of the holy war myself you have no need to start a group just join up with the outlaw church of the creator attack,0
yet blacks get all their friends to jump in,0
they fear it might be racist,0
when a pussy nigga socks you and does not knock you out,1
you know the more they talk gun control the more people go buy,0
what the fuck is this chick singing the inning stretch at the giants game wearing she is like a redneck carmen miranda nls,0
here is a link to philippe rush ton s review of van halen and lynn s iq and the wealth of nations hyper text transfer protocol www ssc two ca psychology fac l review pdf,0
nice to see another maritime the south shore is a beautiful place i ride down that where are you a lot on my harley i live in the annapolis valley,0
the big problem is that some swisses are backing this colonization,0
i can always use some hands around the place,0
i am also young probably too young,0
these hoes do not like a nigga they love my money these niggas do not like a nigga they all want some n,0
i wonder why the jewish media always pretends that all the blood thirsty third world savages are victims and it is all whitey s fault,1
white babies are by far our nation s most precious resource,0
i am reporting here that i have and t seen or heard anything on talk radio or television that even hints at jewish supremacist ethnic cleansing of whites from united states of america or europe,0
i want to show them this thread,0
or the same race that thought the klein were actual ghosts,0
by the where are you i am against slavery,0
how s it s going,0
dumb dumb dumb,0
oh and the wheel is a pagan symbol before the spread of christianity,0
they have been rejected by their own government so fighting for them is not happening,0
good for my young kids too they watch old westerns and anime cartoons,0
that fucking slutty beaner,1
retweet grab her booty in front of niggas that want her grab her booty in front of bitches that want you,0
yeah i heard that one to or whatever all came from africa anywhere are you so why dose it matter my answer whatever evolved to be better,1
hells bells even all quasi sp have high speed and i pods,0
as a nation whatever are in desperate need for an immigration time out and a zero tolerance policy for those here illegally,1
in one year million people were incinerated in these very chambers,0
and that s the truth,0
that is correct white men with guns built america and it will likely take white men with guns to take it back,0
whatever do not really have any blacks in our schools round here,0
only in africa,0
retweet hell yeah banana up in this bitch,0
hey all i ll be visiting southwest england in a few weeks pm if you d like to get together for a pint if you re in the area,0
hmmmm not a fan of the hydrosol round,0
i am half german my grandad served in the screenshot so i wanted to see what he and his brothers did,0
blockbuster instant commercial youtube,0
if jews are also a part of the minority group then does and t that make tim wise s book white like me moot,0
i also left a comment now i need to wait and see if it gets approved,0
or lower some liberals retirement fund idea s,0
savage can fuck right off shirty vagina,0
what a week of groceries looks like around the world stoppers,0
the russian navy tall ship what a slut on display in san francisco a few years ago,0
tell your friend he wins i ve now decided to make a video documentary about the jewish ritual murder of andrei youshchinsky,0
there could be if you could put together something whatever have had interest from people in manitoba before,0
retweet come on americans let us keep this game going whatever must win baseballbaseballbaseball,0
i guess i got lucky i whatever and t to a public high school and whatever never had to learn about the holohoax,1
an irish prison is like a luxury hotel where they come and that is even if they get sent to prison and that is if they get do and t flee the country and that is if they get caught doing the crime so crime does pay in ireland,1
this what a slut enforced to control behavior,0
it is certainly enough money to keep hundreds of jews employed by over a dozen companies involved in the certification process,0
whitefish amtrak station in winter,0
let me make it clear i do not like muslims but they are still slavs so they are my brothers as long as they keep the religion to themselves then there is no problem for me,0
hyper text transfer protocol www eminence mo com,0
if you are not registered to vote go and register you can also do same day registration in connecticut if you cannot before,1
if it goes against the official story then that is holocaust denial and she must serve time in modern gulag,0
me i love them any height,0
responding to edit comment,0
our polish american reader stands with donetsk,0
i what a slut hoping that at least one of those animals would get their heads lobbed off by the propeller blades like in dawn of the dead,0
who is asking you to,0
what i am saying is whatever need a homeland the western half of canada could do for the start but i also agree europe needs to saved as well but whatever have to secure a homeland here first before whatever could change anything on a global level,0
this fat bitch got all huffy because she took too long to make her turn so i took it so she mouthed off to menace with tears of joy waving hand waving hand girlbyeperson tipping hand,0
always nice to see a afro american on the receiving end of a beat down from a white for a change,1
an even smaller pellet is probably ideal buck perhaps,0
whatever cocky yeah bitch whatever cocky,0
hyper text transfer protocol www youtube com watch oh mr elated search hyper text transfer protocol www youtube com watch elated search hyper text transfer protocol www youtube com watch elated search hyper text transfer protocol www youtube com watch pro elated search hyper text transfer protocol www youtube com watch elated search,0
some kids threw a desk out of a third floor window onto a teacher and broke his arm,0
apparently she has taken her suffering and used it to help other white people,0
i feel for you,0
somali turkish bosnian colombian eye shape indicates native american ancestry albanian moroccan tunisian thai syrian refugees arrive turkish group in sermon nrw first multireligious christian jewish muslim religious building in berlin hyper text transfer protocol www pi news net berlin gives circle,0
arab militias doubly so,0
yes i saw a news broadcast and their ethnic background what a slut a footnote quickly adding that this kind of abuse happens in all communities,0
she reps that yeah only the baddest of bitches,0
say i am wrong but i can treat that pussy right,0
the poor sod what a slut screaming the whole time,0
in late early with friends and family,0
goodell and my lions both suck,0
get over watching monkeys throw a ball around and get a real hobby for god s sake,1
also those stupid white women who watch oprah and not realize the fact that oprah is very racist,0
alaska looks like a pretty good place to live but then anywhere with lots of snow always looks good to me,0
hi been looking round for a while on this site and finally got round to registering nice to see a place where whatever can openly discuss our beliefs,0
not only is this case typical of the feral sub humans but it s a perfect example for our people of how totally out of control they are and that they cannot be allowed to remain among us,1
i love her voice,0
milwaukee wisconsin the third weekend in every year,0
i sure hope they do that with mine because i have a mental block to all math past adding and subtracting,0
i am like to hang out in my local bar have few ones and place music as much as i can,0
north irish militants forcing police from their homes police in northern ireland are being forced to flee their homes by nationalist militants stepping up attacks on a force they consider to be a symbol of british rule a police official said on,0
edin d ego bosnian soccer player zvjezdan misimovic historic and d ego bosnian president hello comic and angela leila damardzic bosnian special forces one bosnian street people,0
incredible range of animals whatever ve got here,0
i see utv did not post my comments typical spread it means cool a k a throughout ireland run these invaders out go home agonies would you see us doing this in your country,1
retweet bill maker mocks gullible america for missing the real enemy,0
straight girls go to hamburger mary once and start thinking they can say faggot,1
rhodine van there walt what a slut shot and killed in her home in hampton park on night by blacks,0
they got david taking out the trash face with tears of joy face with tears of joy face with tears of joy face with tears of joy,0
shit jamming ju,0
here you go houses for zero in a town that is white located in a rural midwestern area,0
this nigga think he has gone play me shoot dice let year old hoe fade me,0
my tongue ring is back where it s suppose to be but the bottom ball caught my teeth causing the barbell to go at an angel which makes it look closer to the tip,0
clown,1
peter what a slut drafted to the army as he said,0
scores of dead animals found on than modish s farm inca pigs forced to eat pigs on cop chair s farm animal cruelty,0
let s not start spreading those croatian lies about serbs being mixed with gypsy s and turks look whatever are both christian white slavs,0
sean welcome to our hate community are you from new york city if so i am sure you have some stories or racial issues,0
welcome to reality,0
it s why they do and t take real ones seriously,0
what does this bitch look like you all address me on your stupid chapsnatpearlblueyes,0
i took that post and expanded on it in a new thread because i do and t want to derail the music thread,0
africans are tall thin and lanky and pretty ugly beasts and i am just being kind,1
retweet did those bitches from frozen ever build a snowman,0
hope this vagina hard kondabolu never works again and he calls himself a comedian laughing out loud but is offended by as per usual rip apu boycott this cunt,1
no doubt progressive nazi antifa liberal democrats do,1
maybe god what a slut punishing them for their interracial marriage,1
antifa is not giving death threats to professor ford or threatening violence if their candidate loses or spunky is impeached,1
people are not giving the japanese enough credit,0
i have been trying to find a job but the mexicans take everything whatever had,1
when are the republicans going to learn that democrats hate conservatives vote,1
white rage it s what s for dinner,0
and it s because i ve been having trouble with my landlord dot dot dot,0
oh fuck off you vagina come back after a nasty injury and scored twice leave the lad alone you mary little,1
carrey should be shut up for good,1
stormfront should try to create a larger protest in defense of ed steele,0
i know of chris rock and subsequently have hated him for a long time,0
there s sugar in the bowl and lemon on the side,0
i plan on using a stretcher for carrying gear,0
kind of proves they are and t the hebrews of the bible,0
google translate,0
my wife showed me a kibble s and bits commercial last night wherein a mixed couple what a slut presented as normal,1
the lady talking about i have to stay in touch in this seat and i have hours to piss like brother i already tried twice i cannot fucking pee bitch,0
this is the youth section and you reply friend having sex with multiple people,0
yes as the democrats and liberals continue to sabotage the elections it would be the intelligent thing to do so say veterans,1
the teenager free market really doing wonders in bangladesh these last couple of days scot tea party randall,0
bobby van jaarsveld kyk war is ons nou official music video youtube whatever can all have a dance and feel good for a while,0
full truth and justice,0
she would let the kids come over and play with her dog or watch cartoons and she gave them her old toys,0
oh and happy birthday from michigan us to everyone on this page haha haha,0
now that bea arthur had a lovely mud bath and coconut oil rub she is settled in for her bedtime story and loves loves loves your book so much i had to read it three times to her before she would go to bed whatever hope you are doing well and feeling better,0
the bitches are back,0
polite people are rarely seen as huge threats to small town life,0
do f ck with our families buckwheat,0
and i went to an inner city high school i feel your pain,0
try here amazon com,0
maybe open borders and allowing people in from shithole countries where they do not value life is to,1
i ve got two knife blocks on the counter,0
at a brewers convention the pres of harms the pres of schlitz the pres of budweiser and the pres of guinness all meet up and decide to have lunch together,0
a shithole country,1
and they are just growing in numbers this is probably going to happen all over europe,0
nationalists join the people of ireland to attend the rally for life in dublin,0
ginger candy is sold on the internet as a relief of pregnant women s morning sickness symptoms,0
i am fucking so fucking happy,0
some of these hoes out here for everybody,0
yeah she is a cunt did she draw this,1
i think whites should home school their children if at all possible,0
this game on some shit haha playing that hoe high had me and my nigggs tripped haha,0
this is your only choice white man,0
sweden reacts to being outnumbered by immigrants,1
retweet i got called a faggot for buying girl toms so now i am going to fuck that person in the ass,1
the boers will be free in their volstead by then and they can show us how their ancestors carved a civilization out of nothing,0
sounds to me like the pope needs to be counselled on confession,1
this is and t the local diamond hilton situated on some sunny beach,0
retweet you a nurse face with tears of joy rt you a clown boy you music is trash i dare you say something back i bury your bit,0
would this has been the same scenario in greece if greece what a slut bordering russia,0
i read recently in cold black and white print that there what a slut around zero nigerians in ireland now you say close to zero,0
those who are not in agreement with anything that they see here are invited to say so and provide us with the alternative,0
but if i could choose my eye color it definitely would be green,0
very few parents are sending their children out in the dark even in our all white community,0
on that momentous day this imperial europa what a slut launched on the sacred island of melisa at a sacred space a sacred site a solar temple pre christian thousands of years old high ground greeting the rising mystical aura,0
i need to get pictures of her tonight when i get done shaving her,0
talk about pussy power unamused face,0
started with bricks now i am sold out bitch,0
retweet white people will call mexicans beaners and claim they re taking their jobs but have sugar skull tattoos frown sad andy or pouting,0
the entire system of classes are a marxist invention the judo bolsheviks are using this to divide our society in other words divide et imperf,1
i heard that so many times that the ku klux klan what a slut huge here back in the day,0
whoa angie back off that logic you are going to confuse the liberals,0
truly anything to avoid gun control,0
uh oh bad move there mr king,0
that quote trotsky made proves nothing,0
even niglets past and present see the purity of the racial white soul,0
they make sure they have these reality shows lined up for you hoes they will not leave you high and dry,0
i will so once i get to my camp,0
please enough of the finn uric fairy tale https www storefront org forum t https www storefront org forum t and here is a shanty song for comparison shanty song ahem are old man s song youtube,0
you sure the bitch am not slumped over dead laughing out loud the shots is out here,0
retweet what would you do face screaming in fear that bitch down the stairs,0
she said aye whats tannin little bitch laughing out loud,0
those are the ones that i respect,0
really hours to find paper work is retarded tarrant county courts suck wasteoftime,0
as the pace of retailer collapse accelerates in larger malls will begin to go dark,0
not many films end with a klein victory,0
i am a cowboy somewhat,0
vintage gold and diamond engagement ring yellow gold unique ring size by vintagebaublesnbits via,0
homeschooling is the best option,0
it is based on the sven hassle story of the same name www storefront org forum t,0
this cannot be legal right key maga,1
what a waste of time and money,0
i think you will probably run out of places to run and hide if you do and t attempt to make some sort of stand where you are,0
show that your children would be in danger going to trash schools,0
i come for the pride but i stay for the love,0
being the good christian that he is he asked god to spare his properties virginia beach what a slut only slightly impacted you know the club prayer god spare me and mine to hell with everybody else,0
mccourt the brother of that lair who wrote that book full of lies is running on a gay anti war platform in new york from a video of his speech the limerick web logger has it on youtube,0
i see you support gun control grinning face,1
i have no idea of how many might be here,0
to all white patriots watch endgame alex jones or endgame from prison planet and learn the agenda from the criminals jewish bankers,1
goes to song suffragettes waitress theres a minimum food and drinks charge me to waitress who do you think you are,1
yep i totally agree the minute the jew press see s the klein outfits that s all they will talk about and justify the white murders,0
when they refuse to convert to islam they will learn at the end,0
more whites would in a black pride than a white one,0
if i can i definitely will this country is a shithole,1
lisa s grandpa won it in a department poker game back in the,0
when the teachers aid tries acting like she is the teacher bitch please,0
shoot a pre merger thompson center hawken,0
my feelings exactly i what a slut watching a video of an antifa rally they were fighting with and cursing at the police at one point they began fighting with counterprotesters and one what a slut injured his cohorts immediately began screaming for someone to call really,1
retweet damn girl that pussy talking skull loudly crying face loudly crying face i am keeled over nigga,0
hahah yes because trump beat obama in the election rolling on the floor laughing,0
when a race no longer has the will to protect its women then it s well on the where are you to extinction,0
i jumped to conclusions,0
retweet melt will be a bitch if he leaves and well lebron is just a bitch regardless laughing out loud,0
according to the russian census there are only some tens of thousands of chinese in russia but it is thought that groups like the chinese avoided inclusion in the census,0
it will she would light on their true nature,0
this is a great resource but they have practically no professional white books in their library,0
retweet charlie wearing the don t tread on me flag pin every them should show up in congress in wearing that,0
blow hard,0
the race traitors sicken me too,1
well of course not hell my glock can hit a penny at a mile if i hold them sideways,0
yeah after losing peanut butter as their claim to fame they ll have to fall back on the super soaker,1
great gun though,0
you need to ask this when the obama administration instructed the irs to target conservatives,0
i feel its over,0
slidesong bob rivers comedy corp the twelve pains of christmas youtube do and t miss the day of christmas at around,0
t up bitch no chaser needed csu,0
retweet this is not some privilege to be thrown around all willy nilly you have got to earn the right to call me a bitch,0
if i had one it would ve probably made the list,0
i hope whatever reply above that sort of thing,0
what new gun control laws would you like to see passed and what would they accomplish,0
roll tide bitches,0
come on cnn he literally introduced himself the guy is a public figure for gun control call him out,1
retweet they trash though,0
liberals have always wanted to get their hands in your wallet and now they want to get them in your pants,1
republicans are not the only racist in america whatever have racist democrats too but does not play the token afro american card,0
that kid is probably going to get some disease from laying with his face on the floor of a supermarket like that or some good doer will call he cops and he could get put in a foster home,0
scientists have recently discovered that bitches do in fact be tripping,0
pakkis is common slang nickname for arabs in general with an original link to pakistani immigrants,0
click here for video look at what is happening in sweden,0
when a hoe go back to her roots,0
business is business i love this story url,0
you know this bitch hard,0
sjshsj that is my job bitch,0
there it is these bitches be having joint custody penis and acting up understand that is part time no benefits,0
retro grouch post of the day multispeed bmx s and speed freewheels continued geared bmx bikes bmx society community forums here a speed freewheel similar design on a bmx head up butt what a slut a single speed freewheel head up butt in a bmx frame with added rear derailed,0
here is possibly the best county to live in when one considers the mud index,1
short answer yes sage grouse rebellion will obama use two small birds to limit oil drilling in the west,0
maybe it had something to do with the soviets not even having the funds to keep an ample supply of food or toilet paper in their own country,1
house of flowers shits crazy,0
this might take the cake of the biggest load of bulls t the jews have tried to pass by the gym,1
she is definitely a kardashian bird retweet,0
i d have no where are you to keep the van air conditioned at a restaurant,0
hi thought i d drop by and introduce myself i just wish i d found this place earlier look forward to chatting to you all inks,0
this bitch gone ask is whatever closed unamused face said no whatever just am not pay the light bill this month yeah bitch whatever closed get the fuck out,0
retweet mother s day is and mins you all bitches picked you all kids up from year old mama house so you can have of custody and instagram p,0
she action like a hoe i do not want her i d rather just smoke my marijuana,0
the rest is tatar,0
retweet jessica ass do not need no more liquor when the bitch drinks she forgets everything the very next day it never fa,0
studying for this bio test like a hoe sleepy face,0
soetoro obama is moving the country forward with his vision his vision is to downsize our oppressive country and get even with whitey war,1
the people who can stop it are the ones who pay their wages,0
i think its culture many young black males grow up fatherless,0
mexicans have plenty of open space in their countries to develop they do and t need ours,1
what happened is they left,0
the bus has great uniforms and ruined them both for that trash shaking my head,0
i have no use for the national basketball association or any self important black celebrities,0
were you to ever witness the fighting unto death displayed by game fowl you d soon discover that there is nothing chicken about chickens,0
i do will continue doing all the above,0
niggas do and t wait in no lines,1
hyper text transfer protocol www the post that is post pages p s sqq asp,0
bs people died in pr because the local government is corrupt,0
i know what gypsies look like in the eastern europe i have seen many of them in lviv ukraine begging for my food,0
that bitch told me to control myself i told her to go find yourself,0
this is a new version that has not been available before now,0
man accused of murder back in court wet online erin jade smith obituary view erin smith s obituary by star gazette assumed deceased danielle brown fl,0
nothing happened except i got an on the paper,0
i am hoping to go to a university next year sponsored by the military where i am hoping to get a bachelor of arts majoring in geography or history with minors in politics and management,0
type of wicca owe you money but still ask you to go and on a blunt,0
so the flash pops are the dawson pops i think he might have actually killed the mom cuz gail what a slut a lying cheating bitch,0
half white is still superior because how come every person i know who is half white is good at everything no matter about what other race is in um,0
let me know if white girls making out with blacks and other non whites are staged too,0
the only problem i see in the area is a lack of outside work,0
and sarah s story egad the producer who does ask if he could fall for a nymphet and responds absolutely,1
this is hate,0
neither does antifa nor black lives matter or any other soros funded groups,0
somebody tells these pussy niggas i got them i got them,0
in several of your posts you ve managed to show us that you reply not a white nationalist a white nationalist looks out for each others,0
this is an impressive site,0
no problems at all,0
that is absolutely ing unbelievable they can just go route one now no more messing about going through europe in bongo land one minute jump on the plane and hours later hop off the plane with the biggest afro american smile and shout asylum i am totally depressed hearing this,1
retweet you are who you kick it wordsmith in training you all check year old squad if busters blameamotherfucker ass bitches surround you it is twice a,0
so water is actually heavier than liquefied dino dong,0
their stories have been told before so instead of showing the pictures of the non white garbage that took from them i am just going to post their pictures so they will not be forgotten,1
i remember in grade doing a project on that and i got punished by the teacher because only blacks were slaves she what a slut an idiot,0
well goddamn retweet woodrow good job mommy cutest thing blue ivy ever done she still an ugly nigger baby,1
on week ends the average white person is glued to the television watching negros play sports,0
exactly from what he is describing it is like two steps forward and three steps back,1
exactly i stand alone here,0
in this day and age this is possible,0
count on it californians are pretty retarded,1
i can vouch for blades and bows i have done business with them many times and customer service brilliant if you got a problem they will sort it,0
two days ago i tapped out a half asian half white mongrel who what a slut bigger than me,1
this bitch thin cc she dress coding me raised hand face with tears of joy loudly crying face,0
well all of us chicago based people should get together then and toast this disgustingly loving soon to be coupled with a round of good brew,0
for those of you that know me i have this at my place also,0
obama chooses to identify as black and zimmerman chooses to identify as hispanic,0
whatever need to start having a fantasy team of you there hoes laughing out loud,0
it s the ideal where are you to raise boys into men,0
as many boards as a bored mongol could hoard what a slut that rhetorical,1
the negress above have boasted about that she will become the first black woman as the prime minister of sweden,0
switcharoo on year old main bitch me and my niggga hell no whatever do not date hoes,0
i tried to find this crappy commercial on youtube when it first came out so i could post it here,0
i do like the outfit they dressed the simian in he looks so regal,1
why are you afraid that your son might come and find you drunk in a bar years later and try to kill you or something,0
i think there might be one or two groups if they are still active i have no idea maybe check the daily stormed book clubs,0
if economy plummets post brexit then less money for public services if less immigration to work on farms and services no doubt you will step in conservatives brexitshambles,0
i am studying here,0
i met her in person a month or two ago she has and t been back on storefront i have and t even seen her on aim lately i d say email is your best hope of contacting her,0
god protect and bless you dear lady,0
i want people to be shocked about minority takeover and to react by building community with whites where they were chicken to before and to have white kids,0
this is the reason certain schools down here where i live have a white prom and a black prom,0
when a bitch all in ya mans face in public,0
i checked them out but could and t find much but apparently they have presence in britain,0
summer hoes turning into winter wifeys weary face,0
i have much unused bandwidth,0
over a million whites have left south africa since the communist anc government came to power,0
let s hope it stays and the new year brings in more people like this great man,0
nigger,1
with their age s they enjoyed the one fish two fish red fish blue fish,0
agreed to represent will have to wait though cheap money massive bailouts of crony banisters manipulated employment figures etc etc,0
shoot dice let year old hoe fade me,0
it artificial intelligence and t right unless it s white,1
the jew shall have my flesh blood and bones and all,0
turkish president is a liar and hates america fun this rag head sucks big time,1
this day in liberal judicial scot maga rednationrising,1
it would,0
let me see if i can find them for you,0
too bad it s coming form one of the biggest liars of the war,0
good example for white people with dark hair and eyes up the ass franz austrian actress from the sissy movies who had dark hair and eyes but she s what a slut recognizable as a white woman,0
what a joke,0
is this true that the descendants of the english settlers are leaving at a significantly different rate than the descendants of the dutch settlers,0
all one and five dollar bills,1
records or not,0
if you think that s funny you should have seen the black guy that used to run around my hometown wearing a ku klux klan emblem but people like that are usually not that bright,1
the best thing about fest recently is the homemade ice cream they make in front of you with liquid nitrogen,0
take off you fucking homer,0
the name of the village what a slut changed to drama stein during the third reich today it is called kamieniec in poland,0
please do and t use the fallacy of authority either,0
someone tells me where the drinks at where the bitches at you fucking on the first night meet me in the back game,0
you are becoming the court jester of the senate,0
the seeds and farming equipment what a slut never used,0
that is about as cheap and low as i ve seen it around here your task is so transparent as to be laughable,0
i saw a poll from mission that said that did and t think lott should step down for his segregationist remark,0
that s why whatever need to keep in touch and stay organized,0
you still fuck with your old bitch disrespectful like shit,0
for you and i and other white nationalists yes for french law unfortunately they are french,0
yes liberals versus progressives this should be a really dumb banter go,0
this kind of stories are designed to create more fear and more calls from the ignorant steeple for gun control,0
prior military experience desired years of age or more required,0
laughing my ass off the world league viewership compared to league of legends or overwatch or csgo main issues are that the format is shit and the game is on console so you need to fix one of them console could be turned into an advantage ugh you capture the attention of joe sumo,1
native who reached the land first,0
retweet obama a bitch,0
what i like about it is you can address people to your buddy list and download files straight from them something you can and t do on kazan i think,0
you overstepping you boundaries as a sideline hoe,0
retweet first off fuck your bitch and the click you claim,0
try looking at christian colleges i went to one these tend to have few if any asians,0
these afro americans make where are you more money than you do and sleep with where are you more white women than you do they reply the kings and you are their pathetic followers,0
retweet twitter family i promise to put my tour schedule up today as soon as i have this pussy hustling girl i pay for service,0
the above poster is correct when whatever stop supporting then they reply in terrible danger,0
the girl skipping school am not nothing but years old and just made me say in my head bitch you supposed to be in school had to catch myself,0
is also a member of the opened signature and she is also doing her malt atc,1
these bitches both average laughing my ass off baddie pretty girls be like person tipping hand,0
why would anyone have that for someone not of their own race,0
i live in are,0
the best where are you to prevent black on white rape is to succeed in our goal of removing them all from white countries,1
made to dream youtube vocalize jackie sancho a vocalize official audio hd youtube,0
she has such big dyke energy,1
next time you see someone with their pants falling down just help them,0
i hope that on whatever will have a healthy nationalist government,0
david duke with bruno goldfish,0
so conservatives never get abortions were you alive when abortions were illegal i hear it what a slut a pretty awesome time in history,1
people who are aware of oil dale are often bit intimidated to come here laughing out loud yes it s bit lacking in spit polish there appears to be zero in the code,0
number two i disagree with your definition of white nationalism because it is confusing,0
that and a mile wide free fire zone ought to do the trick,0
retweet fucking skyler white is such a bitch,0
retweet share your feelings but if i m so sorry some hoe shit keep it to yourself,0
that film is full of outright lies,0
that is pretty similar for me,0
for those of us who have dealt directly with jews it s not very different from having dealt with the mafia,0
thanks joe my sanity what a slut forsaken a long time ago hahaha,1
so now storefront ireland is solely responsible for all racist attacks in ireland laughing out loud ted is right this is the work of the kikes this ers are never happy,1
raaaayciss bitch michelle obama african americans should vote for democrats via,0
the new census has shown some million non whites in england and wales this what a slut a properly done census in my opinion and has shown that the white population of the uk is barely million,0
the helpers are losing the battle and soon the war our descent into a shithole country is gaining momentum,1
what you do not get about it means cool a k a nigger is that this is it is simple,1
show me some progress in our struggle,0
i shall live by these rules for the rest of my life as if they were it means cool a k a of god,0
they reply more like a virus than human they get inside a country and they taint it with their sickness and pretty soon the whole country goes to hell while the government tries to ban video games because knife crime rapes and mindless violence has skyrocketed,1
the definition just says sexual dancing but that is actually something old since the s or maybe even s,0
she went to my high school dumb liberals are prevalent in my area,0
many schools are closed in the area but ours has not had any problems so far,0
yes please take more of the constitution away from us you took article second away did you know when you did that you took away from us the one section in the constitution where all gun control laws come form thank you,0
this niggles red heart,1
the maker of this video originally thought it had melted down but now feels it has not,0
i guess it is all jews because that rabbi guy who says whatever must serve jews what a slut an iraqi jew,1
he definitely used to mumble nigger under his breath when dak missed him so problem a day,1
too many white youths have grown fat and lazy,0
sewing is also a requirement to be an isis jihad girl keep the men s clothes presentable isisfeminism,0
yes more homosexual degeneracy foisted upon the silent majority,1
if the orthodox churches had mobilized against the reds they could have been smashed in their cradle,0
fox news reported last night that this beast what a slut caught eating parts of this young man when the police got onto the bus to apprehend him,1
the feeling is mutual sunshine you are probably antifa,0
better head down to the tubes,0
do not even have to include a face,0
at least they had someone who would have lifted a weapon towards terrorist or commies that would have hurt them he he,0
belfry country house skating rink country house detail country house by kunming country house by login,0
aim ice one hundred and fifty six million five hundred and ninety eight thousand four hundred and thirty eight msn hayden you always have other options hayden note you can also find out people logins for instant message programs on our storefront profiles,0
i love it when jews get a taste of their own vile medicine i hope each one of them young to old starve in the cold,1
i am sure i would have done great in public school if the mexican gang members stopped kicking my long enough for me to get my homework done,1
thanks both of you for that,0
so far you have not tried to post hardly anything but asking about your race type,0
retweet how you re talking to hoes about broke why are you talking to hoes about broke,0
no man for me its enough,0
i think you are right she is in deed wearing the same jersey raising hands,1
the two wingless fags retweet barkley reggie were talking nonsense the entire game,0
the purpose of this post is not to promote an islamic ireland,0
these nicolas sang in on they parents without a grammy award,0
i have heard this from many groups,0
they go around school acting like being half white half black or half white half asian is something to be proud of,1
i what a slut out there like weeks ago and got my new doc s maybe whatever can talk too,0
retweet ratchet hoes wear flip flops that curl up and turned black like souls of slaves walked in them,0
white year old woman beating victim attends suspects court hearings by joel allen posted at pm a year old loris woman who what a slut severely beaten last week showed up at separate court hearings for the two boys accused of assaulting her,0
did you go to the south side where thousands have died strictest gun control policies in the country and they dont work,0
shut up hoe,0
this video pretty much proves the local demographics,0
a spiritual transfiguration that will change everything,0
it s summer and i have a lot of time on my hands with a work break,0
if anything racial happens you will be pinpointed,0
cgg you and i have many of the same tastes,0
there are few places nowadays where there is freedom of speech so you ll enjoy posting here,0
hello i am new here and sick of watching my country become infected with the disease of multiculturalism,1
these bitches loud for no reason,0
review the yanks are coming a military history of the united states in world war i via,0
it s good to see someone actively trying to make a difference and reach out to people who otherwise might never realize that there is more than one side to any belief,0
he will get what he deserves in the men prison,1
racism is as old as time itself and no one ever admired a grid for anything other than cheap dumb labor,1
hyper text transfer protocol you television newsroom in depth asp id sixty three thousand two hundred and forty one pt and,0
your white skin did,0
when her pussy stank retweet when year old girl says shes going to let you hit tonight,0
fuck you,0
hey frank if i was not on the other side of the planet would i do,0
i can only pray this baboon mongoloid did and t have any children so his seed will not continue on this earth,1
s o to my favorite nigger to work on the plantation just remember next time ask for the watermelon do not steal it,1
hey my stinky dyke tslint to,1
you have to have your extreme papers to move here,0
what about this youtube rnf youtube seems slightly hypocritical no,0
there have been times when i have walked past some nigerian or skinny and they will cough with hand at their side without care for those around them,1
worse than benefits stop that,0
it is cool enough that you reply happy about your nationality it is not that this talk is about so relax comrade,0
they got the redskins faking injuries,0
he is right retard,1
also i think i did a dumb thing by using my real name as a username anyway i can change it,0
the heart of the sunrise,0
edit all right i did it,0
the rich who talk of class warfare are the very ones who engineer it and try and convince the poor to attack the middle working class,0
blacks have shown as they are able to survive all year round sitting on their ass waiting for comic relief,1
retweet this image of peshmerga giving the heave ho to an isis flag really brightened my kick their sorry butts http,0
sad how low people will go you know,0
just got the gmail account having trouble getting good results on google news where else can i look,0
did hitler not have a policy that only those with blue eyes would have lived brown hair what a slut acceptable only with blue eyes,0
toronto police investigating alt right posters as a hate crime,0
if i have to start compartmentalizing i use nordic and heathen,0
you are here,1
you need a class dealer license to own a machine gun,0
this bitch is crying,0
this jag off ref tony current needs to get out of the nfl he is a bias piece of garbage he made a horrible bad call in packer game which changed the game he is a liar and wont admit when hes wrong nfl please fire tony current,1
the fact that these people are trying to do the same thing to ireland as they have in america and britain and everywhere else they have set foot,0
it really pisses of the liberal leftist,1
classical music is amazing but it s no good for the gym i have to play some metal for that a new band i have started listening to called spell blast fits the bill nicely,0
they were not as dark as say a modern iraqi,0
it figures that the leftist mob that the media supports created all the violence,0
retweet laughing out loud bitch run ya bands up you know i am dumb i hate a broke bitch i hate them,0
miss south africa is not white,0
how about use a cup you mongoloid,1
they speak of the soul of our race,0
he is bluffing he shouldnt have brought it up now trump need to insist or say its proof he is lying trump wins either way,0
video on the record charlie baker,0
he is spartacus,0
and it s true,0
retweet of niggas goofy and act like bitches you are not lying,0
then pretty bitches love me them bitches love me gucci,0
i saw ahx for the first time the other day and i would not say it s professional aryan,0
if it could that shit would be talking to you like butch new you already know he a fuck boil bye,1
the chechen beast what a slut one of those who committed killing in the name of allah against our russian brothers like the theater in moseley,1
this dude fell because he what a slut looking at these bitches in the car face with tears of joy face with tears of joy face with tears of joy face with tears of joy face with tears of joy face with tears of joy,0
english team are white,0
the main drawback is the potential for excess mercury,0
there are a few schools around here that run women only classes and once school has a six or eight week so called boot camp for women wanting to do kav make america great again,0
i wonder why he is not on their list he hates jews,0
who do they actually think they are banning a celtic cross,0
yes it is a symbol in the past and has no place in the present because when it is used for the advancement of white nationalism it proves to only hold us back so thus it should not t be used and should go down in history where it belongs,0
you have given no evidence of anything you have said,0
i am not a massive fan of screwdriver but i like that song,0
well whatever to and t stand for that no more,0
only if they get their collective heads out of the punch bowl and wake up to what s going on in the world,0
https www storefront org forum show t twenty thousand eight hundred and sixty seven page just go to my post further down the page drug dealing murdering race mixing zionist masonic scumbags the last picture of the black orange men f skin hell i nearly split my sides laughing,1
i knew that whatever would find out that it what a slut the new irish cultural enrichers behind this when i read the story yesterday,0
i am surprised was not mentioned they are always when the oh baby smash the evil neo nazis yellow press at its best,1
this tastes like wolf pussy,0
neither of the diaz brothers are very bright but they generally come to fight,0
when i look at pictures that puts all clear to me,0
i guess i what a slut lucky because all my friends were white and see the same problems i do,0
some niggahs save hoes i am not that heroic,0
text me instead of playing flappy birds soiknowitsreal,0
i newer mentioned saris haplogroup types,0
great to see there are a few others that are absolutely at the end of their rope with the virus whatever have sucking this province and country dry,0
next to the section of those job openings,0
he is,0
perfectly normal and white names next try lady f sulla am alma f ege am area f epp am ndla f arno am this f ireland am piece f meet am dunno am does ireland have any meaning,0
wish i could to represent you for this wolfe i ll catch ya later,0
if there s adult situations in it is will indicate so on the package,0
runnin so much game i fuck around lap a bitch,0
are they somehow less worthy because they fought for the wrong side,0
laughing out loud yeah she is gorgeous and a great talent as well,0
it s time for the return of mosley s blackshirts,0
well you reply wishing for the majority of white people in britain to have their children burn in front of them and watch their flesh melt off of their bodies,0
the parents who could and t teach on weekdays could teach on,0
retweet anthony is such a little bitch he does not even like the girls and he gets followed i dedicate my life to them and i ge,0
whyrwpreachesracism rwluciferiancult i keep saying and it s not simply rhetoric these people are not by any bible definition christian any more than the christian conservatives who attended public lynchings of blacks often held as public spectacles on after church,0
by the way thank you for the compliment,0
you forgot to mention how chinese japanese korean art hardly changed in two thousand years until the late century,0
i ve seen it happen so many times explode,0
these videos are great in that they are just long enough to get in all that is needed on a particular subject and just short enough to keep it on point and interesting,0
hey bud just wanted to kindly tell you that a complete fucking retard,1
i just added up the price of textbooks required for an organic chemistry class,0
i ve started asking myself that question every day and every day it seems like i did and t do enough,0
i live in the bay area and have no car and barely any money to my name i want to join the fight if anyone is going from around here or can get me there please pm me,0
this nigga said you are not going through shit you just need sum dispraised hand face with tears of joy loudly crying face good try hoe it s been a while but its really sum shit going down,0
but what do i know,0
rondo is a retard laughing my ass off i will kill myself,1
yes most certainly now you need to recruit more of you friends a such to join storefront and help our movement,0
and there s lots of water with trout and other fish,0
that bitch just walked off all like person tipping hand wtf face with tears of joy face with tears of joy,0
fortunately for golden dawn they do and t depend that much on the internet since they are a grassroots organization through and through,0
i ve had this on my mind most of the day it ll be important to know others in your area who you can network with,0
venti iced water make it snappy hoe,0
who the fuck cares,0
retweet i have no hoes man i do not need those though sleeping face loudly crying face loudly crying face i need to pick mines back up weary face,0
trailor trash tina time grimacing face,0
this is the kind of healthcare provision religious conservatives have given america saveournhs,1
great thread here is one to do with parking,0
retweet these bitches fine fare supermarket,0
she what a slut a gypsies woman i like black sabbath but i do not like gypsies,0
i got a pm from him in which he claims to write for the independent s life magazine enough said,0
oh and the song too,0
it is an extremely cruel act against the poor vodka bottle forcing it to spend it s time forever close to a jew,1
well anything can be a hate crime these days i heard recently that a guy in scotland what a slut charged for revving his car racist whatever that is,0
they seem to be a fake window trying to get you to go to a hook up site,0
yeah i hate it when geysers of blood come shooting up from graves,0
are you a jew,0
say it again retweet a lot of you bitches standards are niggas thats out of you all league,0
melinda allen s mother discovered the bodies of her daughter and grandson at the family s home at maple ave police mother son stabbed cut to death news story wto steubenville video update murder suspect dead in sus,0
that would and t be nice,0
bloody hell condor rnu this is excellent mate,0
i feel sorry for people living in texas i live in australia and i always thought texas what a slut a basically white exclusive place to live,0
i pm d you a suggestion of a place to go i do not want to post it here as i think non whites read this site and will then proceed to try and move there,1
whatever will proofread it and send along suggestions,0
daniel restroom and their website hyper text transfer protocol www salemfonden info currently seems to be down but usually works just fine,0
i do not hate fox news but they throw the jew stick at you every chance they get which makes it unwatchable,0
hell some places are a buck a round for green tip its hilarious,0
what are you doing bitch suck it do not bite it,0
then we will be talking about gun control winking face,1
never buy from stores that hire minorities over whites if at all possible,0
retweet nerds are cool because they get really judge y about other nerds being passionate about things they are not passionate ago,0
then bad bitches blow kisses by my earlobe,0
inside cologne cathedral paris opera house peterson palace stop that petersburg russia palace at versailles,0
and anyone who reads it is asked to bump it into view by simply commenting for the many others who need to know,0
biggest talking about is hayley mcqueen is an awful presenter kris commons is a soup,1
better leave iac with live women s title tonight she is the best woman on the whole roster bar none,0
surrender of divinity conquerors of the apocalypse via black metal hell,0
who in america is not grateful to our military her husband did not die on the battlefield he died at home she should be fighting for gun control and stronger laws regarding mental illness is about police brutality she should educate herself on the issues,0
does and t sound like i am missing much anyway,0
retweet you hoes are lost,0
https en wikipedia org wiki nordic aliens,0
my father what a slut born in germany my mother s parent s moved from ireland,0
it is amazing to watch the newscasters report on all these cases yet never make a connection,0
i have a few things to reply to,0
you do not control the lives of whites by taking over their nations and forcing multiculturalism upon them against their will,0
this am not no motherfucker bitch ass,0
homosexual neanderthalensis what a slut just a dumb afro american subspecies of the negroid species and never white european,1
the ability to run really quietly and lots of chloroform,0
missouri is very cheap i have lived her like i said most of my life you can get acres with a bedroom house barns ponds and woods for zero in southern missouri,0
i ll have to represent you for it later,0
say you love that bitch so much i will kill year old ass in front of her,0
so do the teachers in the public schools in the south hold liberal views in their private life as well or are they conservative in private life and then knowingly lie to the kids in school,0
gave away all my spl as my is actually chambered for long,0
glenn huddle rushed to hospital after collapsing s your god now eh glenn you have been a vagina in a past,1
thebest thing to do is stand there and look them straight in their eyes with the no fear stare and wait for them to throw their signature haymaker,0
that sounds promising and hopefully in time there will be a couple of more days added and the extra hour too,0
i would expect more minute particles of aluminum to be left behind in your firearm in comparison to brass,0
and all nonsense,0
but be careful what you say some or anti white supremacist person might say ca and t whatever get over our petty differences like skin color or culture and get along,0
ignorant racist black lady wants free water fly youtube black guy goes crazy at popeye s youtube old racist black lady cursing out white folks on train,0
it is the spiritual awakening as i says stupid,0
the corny facade is all apart nick cannon s plan nigga is actually a genius on levels of business and bitches,0
it what a slut great to see some new faces come out to one of our recent events and whatever are looking forward to seeing everyone that has been consistently coming to our weekly meets and those who are going to be coming out for the first time,0
this thread is for answering questions related to nice that s all,0
son why is our mail lady so ghetto expressionless face,0
twitter niggas always want you to have unprotected sex with these nothing ass bitches no,0
but as for them adopting kids the answer is no,1
that describes the motleys very well the signature haymaker,0
it is great to see one of the leaders of one of the top professional white organizations in the world come onto storefront,0
drop me a line,0
www artjonesinfo com,0
the birds singing brings thoughts of hot flesh on this spring morning hot sexual desire fills my head let me taste you feel you,0
she does not want to fuck me she wants to fuck my wrist tell her like young do fuck that bitch,0
seen some girl about years old begging on grafton street once and whatever were coming out of a shop a few minutes later when her father pulls up in a decent car scum the lot of them,1
maybe the trumpet will call for gun control after this,0
how long per day do you go,0
perhaps when i retire,0
whitefish lake frozen over,0
you will love this https www linkedin com pub wayne weber got out of the air force and went straight to the head of hk wow,0
they need to give them mandatory dna tests and kick them all out of france,1
about the chinese those who remain in their own country are good those who become undocumented migrants in white nations are bad,1
her forehead sticks out her eyes are small and close together her nose at the tip is bulbous i do and t see anything european about her apart from the fact she s got fair skin,0
that is why i tucked year old bitch you ignorant ass motherfucker,0
i cannot help it if i like having air clean enough to breathe and i do not like the doing everything they can to keep the rest of us poor remember when nestle s former cea claimed whatever do not have a right to water i ing hate clueless conservatives,0
welcome to cape town women,0
i am half an hour from pasadena maybe mins from the valley i am in the inland empire near ontario by the interchange,0
i ve seen that documentary for some time ago and i suppose that it has been broadcasted in other nordic countries too,0
retweet you are trash me,1
that bitch is going off off,0
it s pretty simple if they come at you you come at them,0
i also like renoir,0
if they want to fire all these leftist moon bats and replace them with genuine white conservatives i am all for it,1
most likely putin what a slut not behind any of the killings but certain criminal gangs from caucasus or corrupt members in russian military security agencies,0
this game pissing me off including that bitch,0
it s to bad that there is and t anything like this any more i d sure join if their what a slut,0
it s in deadly,0
the email to that account does and t even exist anymore,0
hyper text transfer protocol rnebarkashov are you photo jpg,0
afro american charged with the murder of white rest stop employee nnn reporters newsroom forum are i p,0
https content an ord xx bcd net photos n jpg antique photo of french motorized tricycles https content b ord xx bcd net photos six hundred and three thousand three hundred and forty one ten quadrillion two hundred trillion one hundred and ninety six billion six hundred and ninety eight million three hundred and eighty nine thousand and ninety seven one billion ninety nine million two hundred and thirty thousand nine hundred and fifty and jpg man with elaborate motorized tricycle more photos https www facebook com isabelle bathroom one million twenty five thousand six hundred and seventy type,0
this mint brownies recipe is made with almond flour coconut palm sugar coconut oil and coconut me,0
my bro i love this nigger,1
biden successfully plagiarized to get ahead in his political career he is the poster boy of the dregs of society vote dems out in,0
mixed martial arts is generally considered mixing western and asian arts together,0
little black kid gets his ass kicked youtube because i always enjoy these videos,0
tough luck blew up hoes on aka dick turn down he is not collin you all hoes bow,0
just joined the best membership in the world and need someone to show the ropes on this site also looking for az girls in phoenix area,0
i suggest you go away and get an education new grange built in bc is the oldest building in europe,0
wonder how long till more retarded chinese starts flocking in this tweet and start,1
retweet the incredible scales of celestial bodies,0
what time jamboree start so i ca smile for the ugly hoes face with tears of joy skull,0
have him come to california and see what crap i had to grow up around i ll need even days tops,0
handelsbetjent i really appreciate your help profess,0
holy shit i love her,0
it does not even look right,0
you are so fragile it must be hard to live that way,0
tomorrow hoes,0
presumably you are not in favor of mass white immigration simply on the shallow account that they are agreeable to your sensibilities,0
they were talking about this on another thread and the first choices were for coke and taco bell,0
oh that s just great,0
these bitches talking shit but they whisper it,0
slide in the pussy like a surfboard,0
please message me,0
you picked a poor time to start such a thread seeing as how just this week the ira were categorically cleared of all paramilitary terrorist illegal activity,0
so trudeau is sneaking them in like that,0
congratulations,0
ultimately the defense of kavanaugh by republicans conservatives their media and public is a manifestation of america s rape culture the latter being neither colorblind nor race neutral,0
where are there morals,0
a hole sir a faggot sir just a clit sir a hole sir a faggot sir just a clit sir a,1
from your post it seems you see no future for sa or any other white country,0
by race or appearance,0
they bitch i will penetrate you introduced me to your bitch,0
the jews had the romans murder jesus for them by falsely accusing jesus and by turning down a chance to pardon jesus,1
bad for home defense which is a pity it s probably a spectacular man stopper those soft lead hollow base foster slugs flatten out quickly,0
it is probably better to have a cross mark cross mark next to my name than a pink pussy hat on my head thinking face thinking face thinking face thinking face maga makeamericagreatagain,0
defend our boarders,0
i love steven sea gal films and i love all nicolas cage films wind talkers and the sorcerer s apprentice included,0
and i now have a new contender for the top space on my list of traitors to be hung when europe awakens,0
i just realized how much anti russian propaganda is on the internet in the last week or two,0
they literally called me a nigger as i type this,1
a third defendant the jew gary german of brooklyn remains on the loose,0
rusya is typical huts s girl,0
more money for norway,0
retweet kanye west is a costume not a mock of a race girl i hate to do this but kanye is a human not a costume but,0
these nigs like saying they miss the old vice,0
if they were jew pieces of garbage who the hell cares what happened to them,1
you are so dope man,1
hyper text transfer protocol www affront com join html,0
christian books and things p oh box harrison ark seventy two thousand six hundred and one,0
amen brother you did say it like you been there they talk crap and if you show fear they ll be on ya fast,0
shut the fuck up you fucking cunt,0
lots of companies moving in many focused on energy sector,0
so innocent until proven guilty only applies to liberals,0
i always stare at them first with very serious eyes and from long distance,0
because i can you fucking retard what does up it up twat chops,1
i always thought it what a slut be fun to put on a minstrel show a little entertainment showing things how they really are without black jew fag involvement if it ever gets put together i ll be sure to tape and pass it around for all to enjoy,1
thank you for this post,0
you will know it is a nightmare on day you wake up and you have a black muslim running your country,1
thank you for the info i will definitely look into them,0
television makes these hoes seem more attractive yawns,0
since my relatives used to be arranged for a trip when the feds have a new plan that means there will be a new framed case in and it always comes with big events as distraction false flag terror attack war natural disaster or all of them,0
maybe they reply confusing the fact that whatever reply tired of lizards on television for our being tired of white people,1
these hoes do not get me in my feelings one bit,0
white traditions can only exist in white homelands,0
retweet retweet if you are a broke bitch with expensive taste,0
youtube broadcast yourself,0
that s good i wish there what a slut someone standing for my interests where i live but as it stands now that is not likely to ever happen,0
releases massive solar flare nasa video youtube slideshow from cnn huge solar flares light up for nasa cameras cnn com could solar flare on the knock out phones and gps devices mail online,0
this fool came to the club wordsmith in training his bitch on a leash face with tears of joy face with tears of joy face with tears of joy face with tears of joy face with tears of joy face with tears of joy face with tears of joy face with tears of joy face with tears of joy face with tears of joy face with tears of joy face with tears of joy face with tears of joy face with tears of joy face with tears of joy face with tears of joy face with tears of joy face with tears of joy face with tears of joy face with tears of joy face with tears of joy face with tears of joy face with tears of joy face with tears of joy face with tears of joy,0
i have and t had any first hand knowledge of guns for nearly two decades,0
got to have the green grass and trees,0
i believe these apes be on to something by chopping off penises to cure aids,1
last two times i saw zero,0
black is a color but the negroids more than not resemble a walking pile of feces with arms and legs they even stink,1
declaring war on the innocent white population of any nation could easily be justified by anyone who what a slut not a white nationalist,0
want someone who will be a friend and a girlfriend and that will like me for me and not walk all over me i like the outdoors camping hiking movies my favorite color is white and like country music and i also like tattoos,0
a simple answer to deport the reduce the next aid payment to somalia by these amounts,1
i figured it would only get worst,0
it said words you fucking mongoloid,1
in certain circumstances i would agree with you but in europe by preserving our nations whatever are preserving our race as well because there is no where are you a black in europe can be british irish german or whatever,0
youtube original romper stomper soundtrack the smack song irish are white not black it s a fact vote s f youtube romper stomper fourth reich fighting men,0
the main free stuff page for this month is here,0
fuck yeah,0
retweet declares victory by introducing our next governor charlie baker wave,0
sad day for all liberals woman dancing woman dancing woman dancing woman dancing woman dancing woman dancing woman dancing woman dancing woman dancing woman dancing face with tears of joy face with tears of joy face with tears of joy face with tears of joy face with tears of joy,1
i suppose it s their version of sf s news and articles forum,0
i am in birmingham myself and even the nicer suburban area where i am from is getting darker and darker,1
second i really hope one day you chauvinists try to take our transylvania from us posed rings a bell bail ring a bell seminar ring a bell,0
now more than ever zoe leonard want a dyke for,1
you are great on the five can you stay in that spot permanently,1
but google can give beijing every americans phone number youre kidding me right make america great again,0
bunch of phonies,0
i what a slut recently in zaporozhye ukraine which has a famous cossack enclave where i had the opportunity to dine at a cossack restaurant and listen to traditional cossack music played live,0
i d prefer to put them in one place before shipping them home,0
i am and in vancouver,0
it what a slut disturbing to read that the swedish foreign minister what a slut stabbed today,0
please charlene you are most welcome here in the shithole you helped created by supporting,1
this what a slut on the news tonight and i thought what the fuck is this some kind of joke i am sick of the west taking in the worlds garbage,0
the matter what a slut quickly dropped,0
it is a thick ass dyke in here dancing and this dude went up behind her and started grinding on her she kept dancing though,1
they get attitudes like bitches too i think some of you all niggas need a bra and panties,0
there what a slut no healing possible they stayed several days in the water until one evening the authorities told the families to say goodbye to their loved ones and leave then they gave the last mercy to the victims,0
i hope la brat can get it back i liked the site,0
i know how you feel breakthesilence luckily this is your last year in school and it is almost over otherwise i would say you should look into independent study where you do not have to put up with all the filth that is in the public education system,1
retweet giant duck pittsburghduck yellow livestream pxi politer duck burgh,0
there are hundreds of skins out here esp in your area,0
take a good thing when you see it,0
i am disgusted by the amount of white hate and brown love that teachers try to pump into my year olds head,1
youtube teacher attacked for being white year old attacks white teacher explicitly because she what a slut white,0
tarzan out this hoe,0
more on jamaica youtube fighting rages in jamaica notice that this video what a slut made by all camera major chimpout warning,0
awwwwww that so sweet,0
now learn your ballet p zoe,0
retweet when tupac said i am not a killer but does not push me revenge is the sweetest joy next to getting pussy,0
yes i saw it,0
hi guys i have just registered in order to say my opinion from my experience in real life or internet about your issues,0
humility does and t even cross their mind,0
you should investigate antifa s connections to the nazis,0
if he comes whatever should support him,0
this applies to white humans as well,0
the fucking retard just gave them the best ammunition possible,1
if anyone wants to watch sports whether white or non white let them,0
why does storefront not have a section for this type of thing,0
she is a fake a fraud and a democrat activist plant she is a tool to try to derail the process and then to later drum up votes for democrats claiming conservatives does not care about victims if democrats cared is they would not cheapen real victims with fakes,0
this is my dog telling me he is done playing frisbee for now lazy mutt,0
the ghetto hoes love feeling a nigga abs ya heard me,0
the lovely previous owner had fed her a steady diet of iceberg lettuce carrots and bananas as well as zero uvb for the past months,0
i what a slut very inspired by moran s writing,0
maybe it s not the same but it is very similar,0
therefore they had to practice slavery before all other races,1
this is an awesome post,0
white trash spice,1
i have heard that if a person uses normal bullets for target practicing and suddenly changes to fmj bullet then he experiences performance degrade,0
whatever need to all move out west were the resources are and bring in whites from all other nations then separate whatever need to have a white homeland it s the only where are you whatever could possibly save our race,0
for more on the knight s party,0
i would willing risk jail time if it meant i could get my hands on them or anyone who does that to a white child,0
not to mention that they do and t belong here anyway,1
and also happy birthday david irving,0
military archery and speed shooting videos a little rant youtube,0
i even thought of showing up to their paper sell outside heath way train station on the following,0
like i have suggested get out of there and get amongst your own folk where you can do some good,0
even a child has enough muscle to pull a trigger or cut flesh,0
as soon as i found out she what a slut with child by a mulatto and she s a wet back too i suddenly found her to be repulsive and shall never watch anything she is in again,1
all i know is one speed put them down as soon as possible,0
she is not white,0
not to mention the fact that i had never heard of it anywhere before,0
this class ghetto as hell,0
i am more into wolves than lions,0
why do people still join militias,0
if you had your where are you there would be no whites to pay taxes so the blacks could collect welfare and as they have proved in africa they are incapable of feeding themselves,1
imagine a bunch of people carrying these in their possession,0
from to canada had brought in over zero immigrants a total of times,0
hey you know if you say retard so many times a short amount of words it makes you look retarded,1
on a television show yesterday regarding crime by foreigners in russia a black man stood up and proclaimed that crime has no color or race every vigoursoly clapped,0
watch out nigger lovers your day is coming,1
however i hope whatever ll get off our butts before then,0
the mayans brothers is the most retarded show ever,0
well now that i am basically gone full retard let us get blasted,0
retweet if you are going to trash talk my piercings do not say it in front of my best friends face with tears of joy face with tears of joy face with tears of joy face with tears of joy,0
because there are kosher nationalists and pseudo conservatives mate that is all there is to it is s sad to see fake nationalist parties defame an actual nationalist revolution,0
the vegetation here has a lot of these tree with thorny burrs,0
character means more than intelligence,0
liberals dont give a sht they have no souls,0
the truth of it is that unless she has evidence than it is only allegations if there is no proof than it is only what she says against what he says she does not get marks for truthfulness just because she is a woman because women can lie just as quickly as a man can,0
this afro american beta keep his shirt on this whole episode team,1
those dogs in france do and t belong there and then they show how unruly they can be,1
